queriedAccount,timeMs,isoTime,hash,type,token,amount,usdcValue,fromAddress,toAddress,fee,nonce,sourceDex,destinationDex
0xce7cd6fa640b613b887a08eecc12a4f4e29180ad,1739277675388,2025-02-11T12:41:15.388Z,0x0a52d986149ad0977cf6f340eadb5c6e70923d1c5f5cc6088e2a885896d035d8,deposit,USDC,13.31,13.31,,,,,,
0xce7cd6fa640b613b887a08eecc12a4f4e29180ad,1739281365895,2025-02-11T13:42:45.895Z,0xc9c48efc3581e9aba3a4041d90d04b01a90060bf6b8cb3890740c94d898caa6e,spotTransfer,USDC,1.0,1.0,0x52be86e343dbb35077bfd17a41c146ffa8156688,0xce7cd6fa640b613b887a08eecc12a4f4e29180ad,0.0,,,
0xce7cd6fa640b613b887a08eecc12a4f4e29180ad,1739296855651,2025-02-11T18:00:55.651Z,0xef85bca0089a4c1a0726041d93b66401f6000b4bd5d6997ef4517c046e3dab51,spotTransfer,USDC,0.3,0.3,0x52be86e343dbb35077bfd17a41c146ffa8156688,0xce7cd6fa640b613b887a08eecc12a4f4e29180ad,0.0,,,
0xce7cd6fa640b613b887a08eecc12a4f4e29180ad,1739296891480,2025-02-11T18:01:31.480Z,0x5da6b3d5124a608ba672041d93b81001cc00e555374eba732fa5c0a1b72b3ac1,spotTransfer,USDC,253.09612632,253.096126,0x4ddb82a25164f22ebe556ccd9c51fd78ffaf4eb0,0xce7cd6fa640b613b887a08eecc12a4f4e29180ad,0.0,,,
0xce7cd6fa640b613b887a08eecc12a4f4e29180ad,1739297020777,2025-02-11T18:03:40.777Z,0x3fafa0908e308c912cb5041d93be2a02013300318f7071be06b7aa3ba60c3e23,spotTransfer,USDC,115.7439264,115.743926,0xc93bb3da11f1a45461130006bcc935edc69b7bbd,0xce7cd6fa640b613b887a08eecc12a4f4e29180ad,0.0,,,
0xce7cd6fa640b613b887a08eecc12a4f4e29180ad,1739297658791,2025-02-11T18:14:18.791Z,0xffd9459b1602de26100f041d93dd17020167004bd11067111b59d6a8435ece56,spotTransfer,USDC,5.0,5.0,0x4e0777886373fc9e0d2c93141dfaaa01a27ec26d,0xce7cd6fa640b613b887a08eecc12a4f4e29180ad,1.0,,,
0xce7cd6fa640b613b887a08eecc12a4f4e29180ad,1739297723962,2025-02-11T18:15:23.962Z,0xff6432dd16a4cc0b30d5041d93e0060201e100177c6a77ef20cbb33b823f895b,spotTransfer,USDC,7.0,7.0,0x4e0777886373fc9e0d2c93141dfaaa01a27ec26d,0xce7cd6fa640b613b887a08eecc12a4f4e29180ad,0.0,,,
0xce7cd6fa640b613b887a08eecc12a4f4e29180ad,1739298155302,2025-02-11T18:22:35.302Z,0x2bbe6984d2fce5dc6aa5041d93f4df0201630018faec41d6de6ac41fb543f983,spotTransfer,USDC,234.33,234.33,0xa368f543263c262582c6170cf5f1be3012c3b369,0xce7cd6fa640b613b887a08eecc12a4f4e29180ad,0.0,,,
0xce7cd6fa640b613b887a08eecc12a4f4e29180ad,1739298192841,2025-02-11T18:23:12.841Z,0x94035ed024688a99277e041d93f6cc01e600cf867a338830ac631f58a6cb124d,spotTransfer,USDC,0.1,0.1,0x52be86e343dbb35077bfd17a41c146ffa8156688,0xce7cd6fa640b613b887a08eecc12a4f4e29180ad,0.0,,,
0xce7cd6fa640b613b887a08eecc12a4f4e29180ad,1739298295159,2025-02-11T18:24:55.159Z,0x215382e1e0bc0c2086bc041d93fbc902013e00459787bc2f6e72ad2e25e18a64,spotTransfer,USDC,5.0,5.0,0x04bb668f4a1a80f9f9820af80431f5f1e72306ee,0xce7cd6fa640b613b887a08eecc12a4f4e29180ad,1.0,,,
0xce7cd6fa640b613b887a08eecc12a4f4e29180ad,1739298858494,2025-02-11T18:34:18.494Z,0x0e4520212096c614ff57041d94165e02014500b29ae57605e6cf4d4b88998e75,spotTransfer,USDC,198.9814556,198.981455,0xef814cd7b627abffcc1ba7d53a2be7c6de79cf1d,0xce7cd6fa640b613b887a08eecc12a4f4e29180ad,0.0,,,
0xce7cd6fa640b613b887a08eecc12a4f4e29180ad,1739299078605,2025-02-11T18:37:58.605Z,0xe104e2af49e70ac36f13041d9420be020124008b5f2c1e3ca95d31af62a6c3b7,spotTransfer,USDC,1413.222964,1413.222964,0x6f721d0a8abdb5dbbdab3c05efa81371c0d21d68,0xce7cd6fa640b613b887a08eecc12a4f4e29180ad,0.0,,,
0xce7cd6fa640b613b887a08eecc12a4f4e29180ad,1739299142716,2025-02-11T18:39:02.716Z,0xd023c79a7f5ba81f98cb041d9423be01eb00ed053ff31b1b34ce5b3cae7e111f,spotTransfer,USDC,0.02,0.02,0x52be86e343dbb35077bfd17a41c146ffa8156688,0xce7cd6fa640b613b887a08eecc12a4f4e29180ad,0.0,,,
0xce7cd6fa640b613b887a08eecc12a4f4e29180ad,1739299489432,2025-02-11T18:44:49.432Z,0xefdd146d408362c53c65041d94346801570073c61813f97f9b9e808839942e08,spotTransfer,USDC,0.01,0.01,0x52be86e343dbb35077bfd17a41c146ffa8156688,0xce7cd6fa640b613b887a08eecc12a4f4e29180ad,0.0,,,
0xce7cd6fa640b613b887a08eecc12a4f4e29180ad,1739300318123,2025-02-11T18:58:38.123Z,0x4f9d692109a5eaa8cb60041d945c1401bb0057b9ba63d6a056db02087703a70c,spotTransfer,USDC,9.90741448,9.907414,0x712bf4bfd01f0a7dc4493a60df1c4b583e5218d8,0xce7cd6fa640b613b887a08eecc12a4f4e29180ad,0.0,,,
0xce7cd6fa640b613b887a08eecc12a4f4e29180ad,1739302820395,2025-02-11T19:40:20.395Z,0x51a2baf4df9e3ea63b5a041d94d1aa01c9000949a0482a19d987833af42df1f2,spotTransfer,USDC,293.61364386,293.613643,0xcff501d840cfc644ae2b5071195005581e5a83f8,0xce7cd6fa640b613b887a08eecc12a4f4e29180ad,0.0,,,
0xce7cd6fa640b613b887a08eecc12a4f4e29180ad,1739308322180,2025-02-11T21:12:02.180Z,0x15bbdbabb40b5fa9884f041d95d80501b0005cb1a0aeb0c2b5a011395ba0e575,spotTransfer,USDC,79.23,79.23,0x712bf4bfd01f0a7dc4493a60df1c4b583e5218d8,0xce7cd6fa640b613b887a08eecc12a4f4e29180ad,0.0,,,
0xce7cd6fa640b613b887a08eecc12a4f4e29180ad,1739308356901,2025-02-11T21:12:36.901Z,0xa66f84d9fffa6c844a63041d95d9b7017d00b8bcc6c031401e365b7be19d3bfc,spotTransfer,USDC,38.25435006,38.25435,0x749f90c2f42f7184a018ce3743c413bfe4f316ac,0xce7cd6fa640b613b887a08eecc12a4f4e29180ad,0.0,,,
0xce7cd6fa640b613b887a08eecc12a4f4e29180ad,1739308632425,2025-02-11T21:17:12.425Z,0x42bc474d548068db2e96041d95e746018600db59a1065ac79ba7de1a127146e8,spotTransfer,USDC,200.0,200.0,0x03f612c078ef7d66620c89082ec8972c5f65ba1b,0xce7cd6fa640b613b887a08eecc12a4f4e29180ad,0.0,,,
0xce7cd6fa640b613b887a08eecc12a4f4e29180ad,1739319257105,2025-02-12T00:14:17.105Z,0xd4ae91a7cb52d9e8adc2041d97d55b0177009cda170db68add5626b362025387,spotTransfer,USDC,100.0,100.0,0x56f42ff810100ecca42fa5505f8a406fb2df5b2c,0xce7cd6fa640b613b887a08eecc12a4f4e29180ad,1.0,,,
0xce7cd6fa640b613b887a08eecc12a4f4e29180ad,1739319273893,2025-02-12T00:14:33.893Z,0xd3dc8580db14b628c5f5041d97d612016300097b979a5e6b4f78ce5454f3530b,spotTransfer,USDC,35.0,35.0,0x56f42ff810100ecca42fa5505f8a406fb2df5b2c,0xce7cd6fa640b613b887a08eecc12a4f4e29180ad,0.0,,,
0xce7cd6fa640b613b887a08eecc12a4f4e29180ad,1739319358540,2025-02-12T00:15:58.540Z,0x2b02bac1e9ae1724831a041d97da580183007b112dfd02243d4f5d4dc3958a4c,spotTransfer,USDC,2.0,2.0,0x56f42ff810100ecca42fa5505f8a406fb2df5b2c,0xce7cd6fa640b613b887a08eecc12a4f4e29180ad,0.0,,,
0xce7cd6fa640b613b887a08eecc12a4f4e29180ad,1739324546961,2025-02-12T01:42:26.961Z,0x1654de953e880f2138af041d98d1c60174003c32ed2450566d6754e34a38b98d,spotTransfer,USDC,98.28,98.28,0x792fe5340e949009ffc5e78c106f65b5c6ba9f3d,0xce7cd6fa640b613b887a08eecc12a4f4e29180ad,0.0,,,
0xce7cd6fa640b613b887a08eecc12a4f4e29180ad,1739337703055,2025-02-12T05:21:43.055Z,0xcce3c8d467e7a25c39fa041d9af9fd02030700cd07e216e7952033ccfee6f34c,spotTransfer,USDC,14.0,14.0,0xecd13493be81d0c1f1e400deef91a6a58d5f866a,0xce7cd6fa640b613b887a08eecc12a4f4e29180ad,1.0,,,
0xce7cd6fa640b613b887a08eecc12a4f4e29180ad,1739344107801,2025-02-12T07:08:27.801Z,0x18e7d0f58bcb1fcf5dfc041d9c078f01ae002e2201cef7aefc66cacf23525610,spotTransfer,USDC,122.0,122.0,0x43b3336180b3512acc831cb8d8a4c69a989fb9a7,0xce7cd6fa640b613b887a08eecc12a4f4e29180ad,1.0,,,
0xce7cd6fa640b613b887a08eecc12a4f4e29180ad,1739344838223,2025-02-12T07:20:38.223Z,0x4d1c79410f6021496382041d9c262801ef0025def028fa9580396ec3c55aff51,spotTransfer,USDC,1500.0,1500.0,0x38116e4ba2297c23210be176687d3fb58a55bc01,0xce7cd6fa640b613b887a08eecc12a4f4e29180ad,1.0,,,
0xce7cd6fa640b613b887a08eecc12a4f4e29180ad,1739350554498,2025-02-12T08:55:54.498Z,0xc93baac7a249058327a9041d9d16df018b00a7e89c0ee32917b199184370f8c6,spotTransfer,USDC,99.0,99.0,0xf169444cc46ea00484b0b76fb50a23363ef865cb,0xce7cd6fa640b613b887a08eecc12a4f4e29180ad,1.0,,,
0xce7cd6fa640b613b887a08eecc12a4f4e29180ad,1739352081308,2025-02-12T09:21:21.308Z,0x7f8e5581eb33fee70013041d9d579402014300a15d94c37c0b86edd4be7b91e5,spotTransfer,USDC,10.0,10.0,0x098867130e801e463f35eac4a2e88605164d8f3f,0xce7cd6fa640b613b887a08eecc12a4f4e29180ad,0.0,,,
0xce7cd6fa640b613b887a08eecc12a4f4e29180ad,1739353479793,2025-02-12T09:44:39.793Z,0xee7c886424b25e82951f041d9d91d3014f009f064a3a4c98531ed18d84245925,spotTransfer,USDC,887.0,887.0,0x7765eba9f7602deef006d1b1b1b73586b7c3ac44,0xce7cd6fa640b613b887a08eecc12a4f4e29180ad,1.0,,,
0xce7cd6fa640b613b887a08eecc12a4f4e29180ad,1739354309719,2025-02-12T09:58:29.719Z,0xddcd54bd46e11b5e6a8d041d9db40c01e800dfc47ab8c480ab35b5bb6a6a50ab,spotTransfer,USDC,0.06,0.06,0x52be86e343dbb35077bfd17a41c146ffa8156688,0xce7cd6fa640b613b887a08eecc12a4f4e29180ad,0.0,,,
0xce7cd6fa640b613b887a08eecc12a4f4e29180ad,1739356765073,2025-02-12T10:39:25.073Z,0x29a994afebc66ed85bd4041d9e19be020227004c93754bca554b7be797f37e7c,spotTransfer,USDC,303.42,303.42,0xc93bb3da11f1a45461130006bcc935edc69b7bbd,0xce7cd6fa640b613b887a08eecc12a4f4e29180ad,0.0,,,
0xce7cd6fa640b613b887a08eecc12a4f4e29180ad,1739364559388,2025-02-12T12:49:19.388Z,0xff467f00bf4bc3cf5dd3041d9f600e018d00922b3ac63a5ee22299a06093d5c0,spotTransfer,USDC,12.0,12.0,0xe092e9e95cf5220b7ed4f996d89a7556291b74de,0xce7cd6fa640b613b887a08eecc12a4f4e29180ad,1.0,,,
0xce7cd6fa640b613b887a08eecc12a4f4e29180ad,1739370183477,2025-02-12T14:23:03.477Z,0x49f285087635da13ef30041da04c46020383006da6336ef700f249f4a3696c1f,spotTransfer,USDC,150.0,150.0,0x7669f59ccb76629aa13d611037d377aebf165141,0xce7cd6fa640b613b887a08eecc12a4f4e29180ad,0.0,,,
0xce7cd6fa640b613b887a08eecc12a4f4e29180ad,1739371579438,2025-02-12T14:46:19.438Z,0x0fadb5934ba55b20a30c041da088240202e800c00e90cc049fc3aaffcfbef387,spotTransfer,USDC,2000.0,2000.0,0xd8817ee08ed20a55be5ea97e7f1cb969cc3b2e88,0xce7cd6fa640b613b887a08eecc12a4f4e29180ad,0.0,,,
0xce7cd6fa640b613b887a08eecc12a4f4e29180ad,1739373412744,2025-02-12T15:16:52.744Z,0x82a25ff273cacad4e1ff041da0d6e2017600f7b601ec52ad5d7e454ad511a73c,spotTransfer,USDC,100.0,100.0,0x91e23b702f5b816e81960443815f145eee817353,0xce7cd6fa640b613b887a08eecc12a4f4e29180ad,0.0,,,
0xce7cd6fa640b613b887a08eecc12a4f4e29180ad,1739373633462,2025-02-12T15:20:33.462Z,0xf7b202b69dc50ceecb02041da0e02a02011c005bb7693067dc61aaf5f5a39166,spotTransfer,USDC,4100.0,4100.0,0x8d89c1e0b80885af3394806bd714ef57aac068c4,0xce7cd6fa640b613b887a08eecc12a4f4e29180ad,0.0,,,
0xce7cd6fa640b613b887a08eecc12a4f4e29180ad,1739388387950,2025-02-12T19:26:27.950Z,0x887ff7c479ed92d336cc041da354f0018600d0de34c6119026ffc304635e8145,spotTransfer,USDC,0.00463618,0.004636,0x89da619c7e13be65127401de8e62360f9dcaf82a,0xce7cd6fa640b613b887a08eecc12a4f4e29180ad,0.0,,,
0xce7cd6fa640b613b887a08eecc12a4f4e29180ad,1739389023118,2025-02-12T19:37:03.118Z,0xf33cf850a39d32d16cad041da37032020105004bbb0015723e5126dbadaa7c01,spotTransfer,USDC,9540.99,9540.99,0x89da619c7e13be65127401de8e62360f9dcaf82a,0xce7cd6fa640b613b887a08eecc12a4f4e29180ad,0.0,,,
0xce7cd6fa640b613b887a08eecc12a4f4e29180ad,1739390241738,2025-02-12T19:57:21.738Z,0xa7a3a7bf679bda418c15041da3a53b02019400bdc677f0a94ae3c2fb53eb2633,spotTransfer,USDC,199.93,199.93,0x38116e4ba2297c23210be176687d3fb58a55bc01,0xce7cd6fa640b613b887a08eecc12a4f4e29180ad,0.0,,,
0xce7cd6fa640b613b887a08eecc12a4f4e29180ad,1739422316812,2025-02-13T04:51:56.812Z,0x6a2c2f5ae8ed06e42c85041da9220302010c0067bd1a3b9b9f39a87f85406e53,spotTransfer,USDC,0.1,0.1,0x52be86e343dbb35077bfd17a41c146ffa8156688,0xce7cd6fa640b613b887a08eecc12a4f4e29180ad,0.0,,,
0xce7cd6fa640b613b887a08eecc12a4f4e29180ad,1739424025109,2025-02-13T05:20:25.109Z,0x5d8e4e8826ff6646ee47041da973c102012d00a0f501839c08f88a1469aadb9f,spotTransfer,USDC,100.0,100.0,0x1f4e4f07a0cf59b916cb2e338b92fe75b6ed8338,0xce7cd6fa640b613b887a08eecc12a4f4e29180ad,0.0,,,
0xce7cd6fa640b613b887a08eecc12a4f4e29180ad,1739432695730,2025-02-13T07:44:55.730Z,0xbd8825a10210794e354d041dab109b01e500b15a0864f85f7559f0a27eb16576,spotTransfer,USDC,5005.4559801,5005.45598,0xd0e9e2a416c99e17b07d0438810fff334f57b8ad,0xce7cd6fa640b613b887a08eecc12a4f4e29180ad,0.0,,,
0xce7cd6fa640b613b887a08eecc12a4f4e29180ad,1739435687914,2025-02-13T08:34:47.914Z,0x323093336b0c6f34246f041dab9f2601b3009073a48f02c8dbd41798b1bbb711,internalTransfer,USDC,1.23,1.23,0x5eeaf1afe5e95013c785412fe462000070b9cccc,0xce7cd6fa640b613b887a08eecc12a4f4e29180ad,1.0,,,
0xce7cd6fa640b613b887a08eecc12a4f4e29180ad,1739435874479,2025-02-13T08:37:54.479Z,0x4eb9bb17b98e2edeaa54041daba830020106006b53bc25d5e11ce6458e88ddcf,internalTransfer,USDC,144998.76,144998.76,0x5eeaf1afe5e95013c785412fe462000070b9cccc,0xce7cd6fa640b613b887a08eecc12a4f4e29180ad,0.0,,,
0xce7cd6fa640b613b887a08eecc12a4f4e29180ad,1739436982609,2025-02-13T08:56:22.609Z,0x4722723e5c7827235811041dabddb00177007e0a30e20bd469c67bdcd48b7757,spotTransfer,USDC,250.0,250.0,0x521448fd2b002c31a97d56f3a275238de0976cd0,0xce7cd6fa640b613b887a08eecc12a4f4e29180ad,0.0,,,
0xce7cd6fa640b613b887a08eecc12a4f4e29180ad,1739441355454,2025-02-13T10:09:15.454Z,0xbae165d1ed5b8171e9d9041dacae07017d00991c4929e3730526ba2f1069c5c4,spotTransfer,USDC,350.0,350.0,0xbf4edd7ebd30110e2c6243ea56eb6f304924000d,0xce7cd6fa640b613b887a08eecc12a4f4e29180ad,1.0,,,
0xce7cd6fa640b613b887a08eecc12a4f4e29180ad,1739441647032,2025-02-13T10:14:07.032Z,0x330593700195b2405ee1041dacbcbb0177009b39e34dab071f6116b78e11f1d0,spotTransfer,USDC,0.7,0.7,0xd19f546b4941936995937fea56a8413f1397bd88,0xce7cd6fa640b613b887a08eecc12a4f4e29180ad,0.0,,,
0xce7cd6fa640b613b887a08eecc12a4f4e29180ad,1739442040603,2025-02-13T10:20:40.603Z,0xf223d887348b5acadfda041daccf1402012700d53087643b75cc98886ee44e04,spotTransfer,USDC,0.00008608,0.000086,0x4b397f312fd629a44747f63099fe45ed29d35efa,0xce7cd6fa640b613b887a08eecc12a4f4e29180ad,0.0,,,
0xce7cd6fa640b613b887a08eecc12a4f4e29180ad,1739442113239,2025-02-13T10:21:53.239Z,0x250212a74f63e6e90e4c041dacd29d01ee0038e968f9163c1d60c9042c2a8205,spotTransfer,USDC,922.43,922.43,0x4b397f312fd629a44747f63099fe45ed29d35efa,0xce7cd6fa640b613b887a08eecc12a4f4e29180ad,0.0,,,
0xce7cd6fa640b613b887a08eecc12a4f4e29180ad,1739442417745,2025-02-13T10:26:57.745Z,0x4e296571437cab149e58041dace0ed0163006624c18bc7ae0daebc0a4ed116f4,spotTransfer,USDC,53.7862677,53.786267,0xbb0681e131d704cb86bda625a730c7866e262a3a,0xce7cd6fa640b613b887a08eecc12a4f4e29180ad,0.0,,,
0xce7cd6fa640b613b887a08eecc12a4f4e29180ad,1739443631480,2025-02-13T10:47:11.480Z,0x12baf2961600e10e7cc7041dad1983020168001932bf560a326babfbce2e0e4b,spotTransfer,USDC,109.18,109.18,0xfa70667fba693254d0f93242ab51b4830f7125d6,0xce7cd6fa640b613b887a08eecc12a4f4e29180ad,0.0,,,
0xce7cd6fa640b613b887a08eecc12a4f4e29180ad,1739446197325,2025-02-13T11:29:57.325Z,0x091237729afd8eb4867c041dad91e60199009e2582a0a30137bf3d7eba6ef9c3,spotTransfer,USDC,200.0,200.0,0x4941903e504321615f51c77e5399cf23db6a84d6,0xce7cd6fa640b613b887a08eecc12a4f4e29180ad,0.0,,,
0xce7cd6fa640b613b887a08eecc12a4f4e29180ad,1739446449684,2025-02-13T11:34:09.684Z,0xf231d7a3c55ce35329a8041dad9e1302017200690bf926b578931b3e741c321e,spotTransfer,USDC,100.0,100.0,0x4941903e504321615f51c77e5399cf23db6a84d6,0xce7cd6fa640b613b887a08eecc12a4f4e29180ad,0.0,,,
0xce7cd6fa640b613b887a08eecc12a4f4e29180ad,1739458310970,2025-02-13T14:51:50.970Z,0xed80ae312511551bfc6c041dafda01014000a22d3717d978f4d3af54e6cc2d29,spotTransfer,USDC,100.86399787,100.863997,0xa9cb8b0bc9c71565daece74b574de54ba58473ee,0xce7cd6fa640b613b887a08eecc12a4f4e29180ad,0.0,,,
0xce7cd6fa640b613b887a08eecc12a4f4e29180ad,1739463765594,2025-02-13T16:22:45.594Z,0x0feb47e93307afda24e2041db0e699017b00d02267889b1886f9165c19d57225,spotTransfer,USDC,58.21774362,58.217743,0x3172aee5e0b47bb23e87db93327f58e06e6a73b6,0xce7cd6fa640b613b887a08eecc12a4f4e29180ad,0.0,,,
0xce7cd6fa640b613b887a08eecc12a4f4e29180ad,1739465025668,2025-02-13T16:43:45.668Z,0x333356b17e3d89563e14041db1231e016500aa4b267ada771c1e4c00d9d88b3e,spotTransfer,USDC,100.001062,100.001062,0x80b4b513c3b9e8a0f1f511b96005f84d813b456c,0xce7cd6fa640b613b887a08eecc12a4f4e29180ad,0.0,,,
0xce7cd6fa640b613b887a08eecc12a4f4e29180ad,1739476990877,2025-02-13T20:03:10.877Z,0x301f2526a6d33f02f197041db3634b01a5003d4bece5943bd39346d4e159c955,spotTransfer,USDC,264.6,264.6,0xc93bb3da11f1a45461130006bcc935edc69b7bbd,0xce7cd6fa640b613b887a08eecc12a4f4e29180ad,0.0,,,
0xce7cd6fa640b613b887a08eecc12a4f4e29180ad,1739488018154,2025-02-13T23:06:58.154Z,0x114d3f2681a148cdaf8b041db5726002011a00f2744d4882bd7257993599c1a7,spotTransfer,USDC,45.3656,45.3656,0x06cb95c96d87dc61a04377f3ed519006baa5ad8f,0xce7cd6fa640b613b887a08eecc12a4f4e29180ad,0.0,,,
0xce7cd6fa640b613b887a08eecc12a4f4e29180ad,1739491182606,2025-02-13T23:59:42.606Z,0xd6853861af75b12c34d2041db6069b019700783cbcf811957c74357947bd8d70,spotTransfer,USDC,110.14001749,110.140017,0x1197050b03a2fb9254016cb2362477592391e3e9,0xce7cd6fa640b613b887a08eecc12a4f4e29180ad,0.0,,,
0xce7cd6fa640b613b887a08eecc12a4f4e29180ad,1739509984940,2025-02-14T05:13:04.940Z,0x1b1babcdd0d5b6885ad4041db984e2017f006a165d0f860131776db178d5c0ca,spotTransfer,USDC,2040.7684188,2040.768418,0xd665ac733ffc570e2f342cd9ba6d7536a5920910,0xce7cd6fa640b613b887a08eecc12a4f4e29180ad,0.0,,,
0xce7cd6fa640b613b887a08eecc12a4f4e29180ad,1739510815963,2025-02-14T05:26:55.963Z,0x52753fb7d833aaa85fe1041db9abb8015b00cd94f0b7d7926e6d6e28dfa75640,spotTransfer,USDC,3000.0,3000.0,0x792ecd662ae84368bc7aecb4d1fc77b1a02fbe8f,0xce7cd6fa640b613b887a08eecc12a4f4e29180ad,1.0,,,
0xce7cd6fa640b613b887a08eecc12a4f4e29180ad,1739510831255,2025-02-14T05:27:11.255Z,0x6fee1080b81e127516d4041db9ac730125007bccc54b3111e62daf42b5734c52,spotTransfer,USDC,800.0,800.0,0x792ecd662ae84368bc7aecb4d1fc77b1a02fbe8f,0xce7cd6fa640b613b887a08eecc12a4f4e29180ad,0.0,,,
0xce7cd6fa640b613b887a08eecc12a4f4e29180ad,1739510910005,2025-02-14T05:28:30.005Z,0x9b9333aecee539a395c4041db9afe10137009c7fde994ecd9b10fa95110a65d2,spotTransfer,USDC,500.0,500.0,0x75640b1eb20e9473ad40fcb600b016eefcae2a7f,0xce7cd6fa640b613b887a08eecc12a4f4e29180ad,0.0,,,
0xce7cd6fa640b613b887a08eecc12a4f4e29180ad,1739510979328,2025-02-14T05:29:39.328Z,0xafc6a838ad25a6fc10c0041db9b2f9014a00a59706824d6bc66cc9ae8f8f30df,spotTransfer,USDC,1000.09819,1000.09819,0xce7d7a8922ff5558ae96ebb1733b0ceaac579367,0xce7cd6fa640b613b887a08eecc12a4f4e29180ad,0.0,,,
0xce7cd6fa640b613b887a08eecc12a4f4e29180ad,1739513824022,2025-02-14T06:17:04.022Z,0x7e3479afed67298b7d39041dba36b301b200f135270abd51bcacd4ad42df263d,spotTransfer,USDC,350.0,350.0,0x2b7dd66f1c31f7d3c785bd6414512b70bf923a73,0xce7cd6fa640b613b887a08eecc12a4f4e29180ad,0.0,,,
0xce7cd6fa640b613b887a08eecc12a4f4e29180ad,1739513968906,2025-02-14T06:19:28.906Z,0x3ccd53015da37d8493e0041dba3d89016f00fcd0a67d4c09d3a5e66fccced7da,spotTransfer,USDC,500.0,500.0,0xad24c421b03e08c63e22b4383a2812f8f6d39d39,0xce7cd6fa640b613b887a08eecc12a4f4e29180ad,0.0,,,
0xce7cd6fa640b613b887a08eecc12a4f4e29180ad,1739514309890,2025-02-14T06:25:09.890Z,0x2bb2d4a6f35f9c19a5a8041dba4d530201320013a107a7505c4d60848cfd28de,spotTransfer,USDC,100.0,100.0,0x420b71b5767863f675b15722e37f9dc40be5123b,0xce7cd6fa640b613b887a08eecc12a4f4e29180ad,0.0,,,
0xce7cd6fa640b613b887a08eecc12a4f4e29180ad,1739514427020,2025-02-14T06:27:07.020Z,0x9116e81343be3bb7a953041dba52c901b700fb7b5a01e890dcbf437163ffeced,spotTransfer,USDC,400.0,400.0,0x420b71b5767863f675b15722e37f9dc40be5123b,0xce7cd6fa640b613b887a08eecc12a4f4e29180ad,0.0,,,
0xce7cd6fa640b613b887a08eecc12a4f4e29180ad,1739514461185,2025-02-14T06:27:41.185Z,0xafbc6642a0dd6c1c1d19041dba5440019d00ef791d95584241cc2c2d7db00cc8,spotTransfer,USDC,50.02939216,50.029392,0x30a422c8942301f2d60f5690c44dc39d2c272024,0xce7cd6fa640b613b887a08eecc12a4f4e29180ad,0.0,,,
0xce7cd6fa640b613b887a08eecc12a4f4e29180ad,1739514569224,2025-02-14T06:29:29.224Z,0xef6af602372d46d237d2041dba598a01300040fbfcbb6d664772783a2616cfb5,spotTransfer,USDC,169.41679646,169.416796,0xfc8dcc8a2bfa16a4db8749eef291fea6fad773f4,0xce7cd6fa640b613b887a08eecc12a4f4e29180ad,0.0,,,
0xce7cd6fa640b613b887a08eecc12a4f4e29180ad,1739515607314,2025-02-14T06:46:47.314Z,0x503d52d20d6bd0d77bee041dba8a9f01b700225f0bf4d99e6bbc5d11e616c420,spotTransfer,USDC,5000.0,5000.0,0xbbd7543ab24453fd157b063e02a83ffd2f3dc834,0xce7cd6fa640b613b887a08eecc12a4f4e29180ad,0.0,,,
0xce7cd6fa640b613b887a08eecc12a4f4e29180ad,1739517858266,2025-02-14T07:24:18.266Z,0x9ad3fd252eebb8efeb42041dbaf38701d0001a24b7d5baf3a7434f72391909d0,spotTransfer,USDC,4.541472,4.541472,0xc43f5046c21914a03ed60668996fe6132ad6b8f2,0xce7cd6fa640b613b887a08eecc12a4f4e29180ad,0.0,,,
0xce7cd6fa640b613b887a08eecc12a4f4e29180ad,1739518262718,2025-02-14T07:31:02.718Z,0x4f1d4b812abebe04446f041dbb069f01b3005a970cc54225b0b7226788a0a47b,spotTransfer,USDC,20.0,20.0,0xe637115620d7b3b464b20b8a8f6d9cfcba486dcc,0xce7cd6fa640b613b887a08eecc12a4f4e29180ad,1.0,,,
0xce7cd6fa640b613b887a08eecc12a4f4e29180ad,1739518561828,2025-02-14T07:36:01.828Z,0x1acf2eed79b1a90ac10e041dbb147b0205fb00e535b7783426551e99f8dd8d2b,spotTransfer,USDC,90.0,90.0,0xe637115620d7b3b464b20b8a8f6d9cfcba486dcc,0xce7cd6fa640b613b887a08eecc12a4f4e29180ad,0.0,,,
0xce7cd6fa640b613b887a08eecc12a4f4e29180ad,1739523119885,2025-02-14T08:51:59.885Z,0x70b4bf1c505a75d67669041dbbebe401810053d9758898343eecc3b5e81ddf34,spotTransfer,USDC,160.00744028,160.00744,0x6f413b49673d2f918cde926256ab1b7191a87287,0xce7cd6fa640b613b887a08eecc12a4f4e29180ad,0.0,,,
0xce7cd6fa640b613b887a08eecc12a4f4e29180ad,1739525173935,2025-02-14T09:26:13.935Z,0x188d4fa14c68ee7efaf5041dbc4e7b02017e00837a64f808b6d420aab176d4a4,spotTransfer,USDC,0.00945304,0.009453,0xf2c5e08765b93a80f84ad76f5da3691ea135215a,0xce7cd6fa640b613b887a08eecc12a4f4e29180ad,0.0,,,
0xce7cd6fa640b613b887a08eecc12a4f4e29180ad,1739533794462,2025-02-14T11:49:54.462Z,0x360d21222e3db60cb9e6041dbded9402016c00ea2959f60050f88cdc28bb4b95,spotTransfer,USDC,199.146605,199.146605,0x589ff3a693ae8e5f6e822b38f8d8382622af9dbb,0xce7cd6fa640b613b887a08eecc12a4f4e29180ad,0.0,,,
0xce7cd6fa640b613b887a08eecc12a4f4e29180ad,1739535183492,2025-02-14T12:13:03.492Z,0xd992bbc1475f51b8554d041dbe2fdd0201a6007c62e509cf78e680dcb20380e7,spotTransfer,USDC,500.0,500.0,0x72724e620586e440253cb8579a0b28ef9487b039,0xce7cd6fa640b613b887a08eecc12a4f4e29180ad,0.0,,,
0xce7cd6fa640b613b887a08eecc12a4f4e29180ad,1739553573562,2025-02-14T17:19:33.562Z,0xdcf34fc0dfba327d3c47041dc1a9d901d90016bbf96b2b53da89f2f20fd62bc3,spotTransfer,USDC,827.00195,827.00195,0xdd08fb1b04dd705b3f31834734d943c1e2629d03,0xce7cd6fa640b613b887a08eecc12a4f4e29180ad,0.0,,,
0xce7cd6fa640b613b887a08eecc12a4f4e29180ad,1739553575042,2025-02-14T17:19:35.042Z,0xee3560b6d72ede9230f9041dc1a9ee02019500bbb323d5d213a7e21987a3b0b2,spotTransfer,USDC,22.0,22.0,0x9a176b58964dfaa953b50f6ef750d4eb41bc4e0a,0xce7cd6fa640b613b887a08eecc12a4f4e29180ad,0.0,,,
0xce7cd6fa640b613b887a08eecc12a4f4e29180ad,1739560600004,2025-02-14T19:16:40.004Z,0xa1746ee1d4beb14b7c02041dc3017102035800d6863464422b7247b5237833fc,spotTransfer,USDC,400.0,400.0,0x870dc279570833a8c5a72fc7972681db9a96cfb7,0xce7cd6fa640b613b887a08eecc12a4f4e29180ad,0.0,,,
0xce7cd6fa640b613b887a08eecc12a4f4e29180ad,1739566450784,2025-02-14T20:54:10.784Z,0xf9b7b74a9482cf66292b041dc41a4d0201720055e9f38b912353fe44513b8dbe,spotTransfer,USDC,11.55803978,11.558039,0x9a176b58964dfaa953b50f6ef750d4eb41bc4e0a,0xce7cd6fa640b613b887a08eecc12a4f4e29180ad,0.0,,,
0xce7cd6fa640b613b887a08eecc12a4f4e29180ad,1739577101623,2025-02-14T23:51:41.623Z,0xae4650f7e5e5ab950e3c041dc6163601e1002fa76eb837e302db2f9b2c31fffd,spotTransfer,USDC,20.0,20.0,0x647e04f1d1cb2ff2bbceeb85ab4d8af5f6eec135,0xce7cd6fa640b613b887a08eecc12a4f4e29180ad,1.0,,,
0xce7cd6fa640b613b887a08eecc12a4f4e29180ad,1739593293505,2025-02-15T04:21:33.505Z,0x5f405abf1cc599f26114041dc9135c017600165857b2e9332bc6bfd5c2e87b25,spotTransfer,USDC,0.00189553,0.001895,0x5ce69d01efe9778436070539bc6ea9350b6d578f,0xce7cd6fa640b613b887a08eecc12a4f4e29180ad,0.0,,,
0xce7cd6fa640b613b887a08eecc12a4f4e29180ad,1739593652033,2025-02-15T04:27:32.033Z,0x31bea4331bbc06abf135041dc923b401bb00141b590083c50cf3d67ffc4ed58c,spotTransfer,USDC,1000.0,1000.0,0x5ce69d01efe9778436070539bc6ea9350b6d578f,0xce7cd6fa640b613b887a08eecc12a4f4e29180ad,0.0,,,
0xce7cd6fa640b613b887a08eecc12a4f4e29180ad,1739606466749,2025-02-15T08:01:06.749Z,0x1ccbc00fc248834e889c041dcb77a901b300dab36c60bbc11ee20e868c106af5,spotTransfer,USDC,1000.0,1000.0,0x23d391b83c595de42aeb6b33d2f2488d56321254,0xce7cd6fa640b613b887a08eecc12a4f4e29180ad,0.0,,,
0xce7cd6fa640b613b887a08eecc12a4f4e29180ad,1739606583016,2025-02-15T08:03:03.016Z,0x55c50114b3a33a52c62b041dcb7c9301c900a484a915bd9f23a0b306a92c952d,spotTransfer,USDC,2000.0,2000.0,0x23d391b83c595de42aeb6b33d2f2488d56321254,0xce7cd6fa640b613b887a08eecc12a4f4e29180ad,0.0,,,
0xce7cd6fa640b613b887a08eecc12a4f4e29180ad,1739813647930,2025-02-17T17:34:07.930Z,0xbdb0df6e2980d7847813041df1cc69020277005bc5a22e543699887008725e33,spotTransfer,USDC,1.0,1.0,0x098867130e801e463f35eac4a2e88605164d8f3f,0xce7cd6fa640b613b887a08eecc12a4f4e29180ad,0.0,,,
0xce7cd6fa640b613b887a08eecc12a4f4e29180ad,1739813694552,2025-02-17T17:34:54.552Z,0xaaa806a09293ff61dbd2041df1ce9c0201ee00cd946957a49d206783ec274e8c,spotTransfer,USDC,1.0,1.0,0x098867130e801e463f35eac4a2e88605164d8f3f,0xce7cd6fa640b613b887a08eecc12a4f4e29180ad,0.0,,,
0xce7cd6fa640b613b887a08eecc12a4f4e29180ad,1739813808483,2025-02-17T17:36:48.483Z,0x7b6cf52ad70969c81223041df1d45d0202da00834469fb8e17fea2512c497398,spotTransfer,USDC,0.00079529,0.000795,0x004ec46100f32e7f7bf159e4dc97201ddf042924,0xce7cd6fa640b613b887a08eecc12a4f4e29180ad,0.0,,,
0xce7cd6fa640b613b887a08eecc12a4f4e29180ad,1739814052233,2025-02-17T17:40:52.233Z,0xe1a116f6243965770ef0041df1e05c01fb00cf2a6463b2d3df7bf9b90a773568,spotTransfer,USDC,0.0001,0.0001,0x004ec46100f32e7f7bf159e4dc97201ddf042924,0xce7cd6fa640b613b887a08eecc12a4f4e29180ad,0.0,,,
0xce7cd6fa640b613b887a08eecc12a4f4e29180ad,1739815065766,2025-02-17T17:57:45.766Z,0xae7362b891db16884e8f041df2119701c1009a016fca28d4c2d00757ff2019ab,spotTransfer,USDC,189.0,189.0,0x0e4cac3d5838496af46710335b3e0012cfc976f3,0xce7cd6fa640b613b887a08eecc12a4f4e29180ad,1.0,,,
0xce7cd6fa640b613b887a08eecc12a4f4e29180ad,1739868441192,2025-02-18T08:47:21.192Z,0xc44cc5f4fd477e74db55041dfc12ea0201ee00155f81e4cc8754c8ba32011233,spotTransfer,USDC,1000.0,1000.0,0xc794b210337339ce83f5be21f0f62802c029b332,0xce7cd6fa640b613b887a08eecc12a4f4e29180ad,0.0,,,
0xce7cd6fa640b613b887a08eecc12a4f4e29180ad,1739872314374,2025-02-18T09:51:54.374Z,0xdcb5b34bc982b531f907041dfcd0d90201fd00e5ff8ec06aa37cf37c977d51c2,spotTransfer,USDC,0.00052239,0.000522,0x3f66957bfde4b840cc51aef0226d8d33a0b255d6,0xce7cd6fa640b613b887a08eecc12a4f4e29180ad,0.0,,,
0xce7cd6fa640b613b887a08eecc12a4f4e29180ad,1739903870664,2025-02-18T18:37:50.664Z,0xe76f10b462972d7fdfe2041e02ce5701e000f7643239d0c86bc97a6b13381040,spotTransfer,USDC,697.4959009,697.4959,0xfc3bbb6832f452584841b668434170a83e77c50d,0xce7cd6fa640b613b887a08eecc12a4f4e29180ad,0.0,,,
0xce7cd6fa640b613b887a08eecc12a4f4e29180ad,1739908880810,2025-02-18T20:01:20.810Z,0xac8dda02669a94f2e624041e03c4d602029d00250af4a5202c1616248cdfef3d,spotTransfer,USDC,0.1676799,0.167679,0x3f66957bfde4b840cc51aef0226d8d33a0b255d6,0xce7cd6fa640b613b887a08eecc12a4f4e29180ad,0.0,,,
0xce7cd6fa640b613b887a08eecc12a4f4e29180ad,1739911390996,2025-02-18T20:43:10.996Z,0x070d37851af2f80b403a041e04416c0169008d29eed6b3f94488651321636624,spotTransfer,USDC,2.7,2.7,0xe092e9e95cf5220b7ed4f996d89a7556291b74de,0xce7cd6fa640b613b887a08eecc12a4f4e29180ad,0.0,,,
0xce7cd6fa640b613b887a08eecc12a4f4e29180ad,1739966483790,2025-02-19T12:01:23.790Z,0x6d202a7a560259bb6bcf041e0ea41101e40081c2a6d13563342263220e6fef4a,spotTransfer,USDC,0.1,0.1,0x6f721d0a8abdb5dbbdab3c05efa81371c0d21d68,0xce7cd6fa640b613b887a08eecc12a4f4e29180ad,0.0,,,
0xce7cd6fa640b613b887a08eecc12a4f4e29180ad,1739966641100,2025-02-19T12:04:01.100Z,0x1e69dd4b59f5b42ed941041e0eab4d011d00a5acc72c7c8e28574626dc42b9aa,spotTransfer,USDC,499.0,499.0,0x9540c596007deb55e2b0915a5a40462d959a5cb7,0xce7cd6fa640b613b887a08eecc12a4f4e29180ad,0.0,,,
0xce7cd6fa640b613b887a08eecc12a4f4e29180ad,1739986568637,2025-02-19T17:36:08.637Z,0xf971e003eec8c7533a7c041e127dbb0201780053275950859996d8b59601c120,spotTransfer,USDC,92.45,92.45,0x64306c70c1e5389b0b7c298319657f70ae17f1d6,0xce7cd6fa640b613b887a08eecc12a4f4e29180ad,0.0,,,
0xce7cd6fa640b613b887a08eecc12a4f4e29180ad,1739987307656,2025-02-19T17:48:27.656Z,0x65294eb136dfcb203804041e12a14601df00025654f141454b9b1e78462b2020,spotTransfer,USDC,250.0,250.0,0x91dda995be3a56bbf2ac6e5e14eb9213a336aac6,0xce7cd6fa640b613b887a08eecc12a4f4e29180ad,0.0,,,
0xce7cd6fa640b613b887a08eecc12a4f4e29180ad,1739989216468,2025-02-19T18:20:16.468Z,0x9763105f458d5dc8331b041e12fda8016100ad7df3ffc6602b838f57be0764d5,spotTransfer,USDC,1.68800373,1.688003,0x0e77256a76ff95eb7d7070219b55f2061e10c847,0xce7cd6fa640b613b887a08eecc12a4f4e29180ad,0.0,,,
0xce7cd6fa640b613b887a08eecc12a4f4e29180ad,1740044408867,2025-02-20T09:40:08.867Z,0x635eb7d3bfbae3664edf041e1d50cf014600dd19ed15dfa1298691655fd26e17,spotTransfer,USDC,2000.0,2000.0,0x236511e76f6d333486926a446a791c2326e628a7,0xce7cd6fa640b613b887a08eecc12a4f4e29180ad,1.0,,,
0xce7cd6fa640b613b887a08eecc12a4f4e29180ad,1740044424720,2025-02-20T09:40:24.720Z,0xbc6a2bed3329eec8ba7d041e1d5190013f0084adcb55c3c886a54f37e4727a7f,spotTransfer,USDC,26.16,26.16,0x236511e76f6d333486926a446a791c2326e628a7,0xce7cd6fa640b613b887a08eecc12a4f4e29180ad,0.0,,,
0xce7cd6fa640b613b887a08eecc12a4f4e29180ad,1740080494470,2025-02-20T19:41:34.470Z,0xeb9c1deb360c7c21e5fd041e24285a02011600f0a76c1040006a5a0f7e71a7fa,spotTransfer,USDC,0.00155539,0.001555,0xc4b56e49996e6c41a45786d3deee110222e379be,0xce7cd6fa640b613b887a08eecc12a4f4e29180ad,0.0,,,
0xce7cd6fa640b613b887a08eecc12a4f4e29180ad,1740099558802,2025-02-21T00:59:18.802Z,0xe0ef94b435173c22c44f041e27bd47015800a9162f47f307294cad19db943b35,spotTransfer,USDC,100.0,100.0,0x3f66957bfde4b840cc51aef0226d8d33a0b255d6,0xce7cd6fa640b613b887a08eecc12a4f4e29180ad,0.0,,,
0xce7cd6fa640b613b887a08eecc12a4f4e29180ad,1740116061781,2025-02-21T05:34:21.781Z,0x1914952f08cc137b8fc4041e2ad04d01ad00242dd8daa0d8d7d21639ff654619,spotTransfer,USDC,20.0,20.0,0x3bdd6476fd2ccaf785f7bab49884080807ed2df5,0xce7cd6fa640b613b887a08eecc12a4f4e29180ad,0.0,,,
0xce7cd6fa640b613b887a08eecc12a4f4e29180ad,1740129982955,2025-02-21T09:26:22.955Z,0x508be6d9d8dee0ed76ca041e2d6c3b02018a008c558b6e74ef73225d89ed3735,spotTransfer,USDC,116.80544091,116.80544,0x109cbdcf9e4f6cb9ea56c810bc26f06f8b1f399f,0xce7cd6fa640b613b887a08eecc12a4f4e29180ad,0.0,,,
0xce7cd6fa640b613b887a08eecc12a4f4e29180ad,1740216108481,2025-02-22T09:21:48.481Z,0x36188237949897556ca1041e3d91ca016c00d22d76fc449c79ac18ebf26187ae,spotTransfer,USDC,9.0,9.0,0x4a30ad590fba8d407c7e3ced96c95d9124e52538,0xce7cd6fa640b613b887a08eecc12a4f4e29180ad,1.0,,,
0xce7cd6fa640b613b887a08eecc12a4f4e29180ad,1740396659434,2025-02-24T11:30:59.434Z,0x3cb33f11b60cfc035008041e5f4ec701f1003243b7f511fa091636430aef22e0,spotTransfer,USDC,1000.0,1000.0,0xaf6b011e71fa58e04fa0e5473ad8031f1ac2a43e,0xce7cd6fa640b613b887a08eecc12a4f4e29180ad,0.0,,,
0xce7cd6fa640b613b887a08eecc12a4f4e29180ad,1740407097341,2025-02-24T14:24:57.341Z,0xe0bf98cfc7de275fda16041e6150b802012a000ae674ce54e6402795c250ab9d,spotTransfer,HYPE,0.5,10.6785,0xce7cd6fa640b613b887a08eecc12a4f4e29180ad,0x36be02a397e969e010ccbd7333f4169f66b8989f,1.0,,,
0xce7cd6fa640b613b887a08eecc12a4f4e29180ad,1740407693364,2025-02-24T14:34:53.364Z,0x94390d46bdde9960d588041e616d390203a3009d6f173e410121f9563f9f202b,spotTransfer,USDC,500.0,500.0,0xce7cd6fa640b613b887a08eecc12a4f4e29180ad,0xaf9667a8fe52ae1dd5c01f6bb8726640c56dd658,1.0,,,
0xce7cd6fa640b613b887a08eecc12a4f4e29180ad,1740415159496,2025-02-24T16:39:19.496Z,0x1fcbda1d9b8cfc8931cf041e62d6d80184007688ad9779593a3a3dc8ee1006ef,spotTransfer,USDC,570.0,570.0,0x1d76bae9afebd67f2560ee9dd85a2022b2bda914,0xce7cd6fa640b613b887a08eecc12a4f4e29180ad,0.0,,,
0xce7cd6fa640b613b887a08eecc12a4f4e29180ad,1740417736514,2025-02-24T17:22:16.514Z,0x1e8d7be11f3f1c002a97041e6354c701c70051869aba0ff766c55c3a1139afdd,spotTransfer,USDC,0.00363742,0.003637,0x08e2919b494f8b6c6ef170ebf7b902d4688ac1d6,0xce7cd6fa640b613b887a08eecc12a4f4e29180ad,0.0,,,
0xce7cd6fa640b613b887a08eecc12a4f4e29180ad,1740418428031,2025-02-24T17:33:48.031Z,0x6c6369c48c3d29d3a8f8041e63767302025300d20f54ccfa63d1972b1a575b0d,spotTransfer,USDC,200.78,200.78,0x08e2919b494f8b6c6ef170ebf7b902d4688ac1d6,0xce7cd6fa640b613b887a08eecc12a4f4e29180ad,0.0,,,
0xce7cd6fa640b613b887a08eecc12a4f4e29180ad,1740432351710,2025-02-24T21:25:51.710Z,0xf275ac2c583f39ee2f9b041e661f8001e900d549da768fc575cfdbe0598b155e,spotTransfer,USDC,19.0,19.0,0x4a30ad590fba8d407c7e3ced96c95d9124e52538,0xce7cd6fa640b613b887a08eecc12a4f4e29180ad,0.0,,,
0xce7cd6fa640b613b887a08eecc12a4f4e29180ad,1740458886085,2025-02-25T04:48:06.085Z,0xbfa37f763ead8dbfb859041e6b24ce0201c80038501cf78d68c1b594b6ab6e06,spotTransfer,USDC,10.0,10.0,0xaa1435f09fd4211dd84107bf4fda9d37dc146006,0xce7cd6fa640b613b887a08eecc12a4f4e29180ad,0.0,,,
0xce7cd6fa640b613b887a08eecc12a4f4e29180ad,1740516161595,2025-02-25T20:42:41.595Z,0xf33d08ac601a3afda85f041e76001002017f00d5af9b02e83e32aecd76342469,spotTransfer,USDC,0.0618393,0.061839,0xfdef5231add84ba8926d3feae8c24a2a7ac7f823,0xce7cd6fa640b613b887a08eecc12a4f4e29180ad,0.0,,,
0xce7cd6fa640b613b887a08eecc12a4f4e29180ad,1740589030530,2025-02-26T16:57:10.530Z,0x8228e2e9fd8c6884ae5b041e83f4cc0201080028187e2c3a49f9d2b0dc5e3750,spotTransfer,USDC,50.0,50.0,0x98bfb98044525ad696320015cffb6ebeacdd6fef,0xce7cd6fa640b613b887a08eecc12a4f4e29180ad,0.0,,,
0xce7cd6fa640b613b887a08eecc12a4f4e29180ad,1740612564874,2025-02-26T23:29:24.874Z,0x45571a25ee43c6974a23041e88711201d7009e3da46f27f0eaab135ba84613fa,spotTransfer,USDC,100.91,100.91,0xe557094c260ad6a41a5a6ccabd024754e36092df,0xce7cd6fa640b613b887a08eecc12a4f4e29180ad,0.0,,,
0xce7cd6fa640b613b887a08eecc12a4f4e29180ad,1741110657548,2025-03-04T17:50:57.548Z,0x9d96bf135a8f339eeab7041ee7902e01ff00a31336f1b1736abd5a8b8306ea7c,spotTransfer,USDC,199.0,199.0,0xc93bb3da11f1a45461130006bcc935edc69b7bbd,0xce7cd6fa640b613b887a08eecc12a4f4e29180ad,0.0,,,
0xce7cd6fa640b613b887a08eecc12a4f4e29180ad,1741347143589,2025-03-07T11:32:23.589Z,0x8b703c6b5da12dec2bac041f14888f01ad00fa02eb791cdcbf979749a37af09b,spotTransfer,USDC,0.007006,0.007006,0xf7479ecfad1ec3cbabfefd55cc6e51a4ad37652d,0xce7cd6fa640b613b887a08eecc12a4f4e29180ad,0.0,,,
0xce7cd6fa640b613b887a08eecc12a4f4e29180ad,1742143554851,2025-03-16T16:45:54.851Z,0x8a88b385b1df9393ee21041facf7440159006591d286b0ff3373e8068c0634cd,spotTransfer,USDC,0.02047148,0.020471,0x78758280d4392a43e8e444cb6cf44f98b895394e,0xce7cd6fa640b613b887a08eecc12a4f4e29180ad,0.0,,,
0xce7cd6fa640b613b887a08eecc12a4f4e29180ad,1742584249740,2025-03-21T19:10:49.740Z,0x88545244ddb9ff262f2304200102e6015f00a90edc3170ebe36ee2d69ddf4be2,spotTransfer,USDC,0.0005,0.0005,0xee14e10c2b227ade050d4f9fea5a1cfb6fa96cd9,0xce7cd6fa640b613b887a08eecc12a4f4e29180ad,0.0,,,
0xce7cd6fa640b613b887a08eecc12a4f4e29180ad,1743098406719,2025-03-27T18:00:06.719Z,0x4360cf3442595e4c3a04042062db7301c900937691345dc72d6338c35da0757c,spotTransfer,USDC,13.0,13.0,0x78758280d4392a43e8e444cb6cf44f98b895394e,0xce7cd6fa640b613b887a08eecc12a4f4e29180ad,0.0,,,
0xce7cd6fa640b613b887a08eecc12a4f4e29180ad,1743098469113,2025-03-27T18:01:09.113Z,0x2f23d305fe4fe4443a24042062de9401ee008736853387f2f713dda7c4de49eb,spotTransfer,USDC,9.98075,9.98075,0x78758280d4392a43e8e444cb6cf44f98b895394e,0xce7cd6fa640b613b887a08eecc12a4f4e29180ad,0.0,,,
0xce7cd6fa640b613b887a08eecc12a4f4e29180ad,1743105607367,2025-03-27T20:00:07.367Z,0x6f2bcd1624af1e5b2ac40420643c5201b900a282b7b4f20edc1e3b0ec1bb5b25,spotTransfer,USDC,0.1,0.1,0x35546eb5ab0725939bf7754e3f1a481d10592db8,0xce7cd6fa640b613b887a08eecc12a4f4e29180ad,0.0,,,
0xce7cd6fa640b613b887a08eecc12a4f4e29180ad,1743105843959,2025-03-27T20:04:03.959Z,0xb13cd49f34e9d2cee98b0420644747018c008cc1839a11aa7324ebec781526fb,spotTransfer,USDC,100.0,100.0,0x35546eb5ab0725939bf7754e3f1a481d10592db8,0xce7cd6fa640b613b887a08eecc12a4f4e29180ad,0.0,,,
0xce7cd6fa640b613b887a08eecc12a4f4e29180ad,1744125819017,2025-04-08T15:23:39.017Z,0x8765847e8e6dbdfe0850042127021e020302006754c6c13be4d2db7f08d7265f,spotTransfer,HYPE,1000.1496504,11592.734597,0xce7cd6fa640b613b887a08eecc12a4f4e29180ad,0xaf9667a8fe52ae1dd5c01f6bb8726640c56dd658,0.0,,,
0xce7cd6fa640b613b887a08eecc12a4f4e29180ad,1744129821033,2025-04-08T16:30:21.033Z,0x2817a696bfe6d87927e9042127c8f602019800bf9e7b3a140f3295581df3c269,spotTransfer,USDC,500.0,500.0,0x5252a3c0eba07bf5653648165abfccbe5feebce3,0xce7cd6fa640b613b887a08eecc12a4f4e29180ad,0.0,,,
0xce7cd6fa640b613b887a08eecc12a4f4e29180ad,1745174923218,2025-04-20T18:48:43.218Z,0x2c49765c215134d084740421ec2dc2013800226dd2c14e07dd7b32bfef4436a6,spotTransfer,USDC,348.18068163,348.180681,0xa2af7fdea63566e2661e52c0a867032e27ff146a,0xce7cd6fa640b613b887a08eecc12a4f4e29180ad,1.0,,,
0xce7cd6fa640b613b887a08eecc12a4f4e29180ad,1746119337900,2025-05-01T17:08:57.900Z,0x5ed8be7c0e3c591b6aa704229dca0b01870001d54f80791f7cb56f2d68b16931,spotTransfer,USDC,100.0,100.0,0x224b1f69f1dcf8b3671d3760f37bdd115e4696c4,0xce7cd6fa640b613b887a08eecc12a4f4e29180ad,0.0,,,
0xce7cd6fa640b613b887a08eecc12a4f4e29180ad,1746166636159,2025-05-02T06:17:16.159Z,0xd0ac63136450b35aa39db12d92e6834e0d1f5acd3f679d9866d1c9eda4f4f2ab,withdraw,USDC,2499.00757,2499.00757,,,1.0,1746166386725000,,
0xce7cd6fa640b613b887a08eecc12a4f4e29180ad,1746703856302,2025-05-08T11:30:56.302Z,0x190300f07c285bc9843304230c444501a300b7c50e96db1fceb1907ed36e0ba2,spotTransfer,USDC,207.0,207.0,0xc93bb3da11f1a45461130006bcc935edc69b7bbd,0xce7cd6fa640b613b887a08eecc12a4f4e29180ad,0.0,,,
0xce7cd6fa640b613b887a08eecc12a4f4e29180ad,1746872843468,2025-05-10T10:27:23.468Z,0xb7466d2ca8df541ea4ef04232ccce902013c00e88d94cde28441c1b425b4282a,spotTransfer,USDC,5.0,5.0,0x9c8578c487510c0315c75d295268123b70eb3718,0xce7cd6fa640b613b887a08eecc12a4f4e29180ad,1.0,,,
0xce7cd6fa640b613b887a08eecc12a4f4e29180ad,1747301914147,2025-05-15T09:38:34.147Z,0xda50ffa4d5b212074e0504237f7d4902030c00632d84cbb43f7988635b0fe936,spotTransfer,USDC,0.1,0.1,0x1fcba16771e138d4f330e13a09c8bce42486b6b5,0xce7cd6fa640b613b887a08eecc12a4f4e29180ad,0.0,,,
0xce7cd6fa640b613b887a08eecc12a4f4e29180ad,1747541222611,2025-05-18T04:07:02.611Z,0xbc74e287dc058ecebdc20423ae2a1501d100bc60d480823b3024550017cfd52c,spotTransfer,USDC,0.00810504,0.008105,0x2b6ac31995afee028a0f2373a65cbad5ac2fe9ac,0xce7cd6fa640b613b887a08eecc12a4f4e29180ad,0.0,,,
0xce7cd6fa640b613b887a08eecc12a4f4e29180ad,1750798660475,2025-06-24T20:57:40.475Z,0x2eed38f0261a41cbb82e04262b752102018e0001df845537766aa3e33306bf59,spotTransfer,USDC,102.10214255,102.102142,0x89c3556518511e3475d9691b286340f55c158548,0xce7cd6fa640b613b887a08eecc12a4f4e29180ad,0.0,1750798628490,,