queriedAccount,direction,timeMs,isoTime,hash,type,token,amount,usdcValue,fromAddress,toAddress,fee,nonce,sourceDex,destinationDex
0x6f721d0a8abdb5dbbdab3c05efa81371c0d21d68,in,1739263615052,2025-02-11T08:46:55.052Z,0x9526ec1ff06bf8a59c3c041d8d957501a000d34b455cabf9ab77718407513b13,spotTransfer,USDC,2.0,2.0,0x52be86e343dbb35077bfd17a41c146ffa8156688,0x6f721d0a8abdb5dbbdab3c05efa81371c0d21d68,1.0,,,
0x6f721d0a8abdb5dbbdab3c05efa81371c0d21d68,in,1739264533265,2025-02-11T09:02:13.265Z,0xcca452b5fa2a787d493a041d8dbfc501b00097144f54c99bd23352c4bbbc19ff,spotTransfer,USDC,2.0,2.0,0x52be86e343dbb35077bfd17a41c146ffa8156688,0x6f721d0a8abdb5dbbdab3c05efa81371c0d21d68,0.0,,,
0x6f721d0a8abdb5dbbdab3c05efa81371c0d21d68,in,1739264711275,2025-02-11T09:05:11.275Z,0x6a191236c1b44491119d041d8dc81c012b0014f860f1a953b7753cfc0eadd326,spotTransfer,USDC,1.0,1.0,0x52be86e343dbb35077bfd17a41c146ffa8156688,0x6f721d0a8abdb5dbbdab3c05efa81371c0d21d68,0.0,,,
0x6f721d0a8abdb5dbbdab3c05efa81371c0d21d68,in,1739276585870,2025-02-11T12:23:05.870Z,0xfcd95af80103e287ac41041d8ff000020163008754960ccd2b54302b4195b8ee,spotTransfer,USDC,1.0,1.0,0x52be86e343dbb35077bfd17a41c146ffa8156688,0x6f721d0a8abdb5dbbdab3c05efa81371c0d21d68,0.0,,,
0x6f721d0a8abdb5dbbdab3c05efa81371c0d21d68,in,1739277212942,2025-02-11T12:33:32.942Z,0xb1af24594e9d75329749041d900cc0019500853817518e08f9ed4138331ab9be,spotTransfer,USDC,1.0,1.0,0x52be86e343dbb35077bfd17a41c146ffa8156688,0x6f721d0a8abdb5dbbdab3c05efa81371c0d21d68,0.0,,,
0x6f721d0a8abdb5dbbdab3c05efa81371c0d21d68,in,1739281530776,2025-02-11T13:45:30.776Z,0x6a70f9bd7ba929b72e1f041d90d81802014300a65b0bd25327978ea86d62c7c4,spotTransfer,USDC,1.0,1.0,0x52be86e343dbb35077bfd17a41c146ffa8156688,0x6f721d0a8abdb5dbbdab3c05efa81371c0d21d68,0.0,,,
0x6f721d0a8abdb5dbbdab3c05efa81371c0d21d68,in,1739282146038,2025-02-11T13:55:46.038Z,0x251bc672b6f874891798041d90f5cf0202c1000d790b241c74ef2341af9aac1c,spotTransfer,USDC,1.0,1.0,0x52be86e343dbb35077bfd17a41c146ffa8156688,0x6f721d0a8abdb5dbbdab3c05efa81371c0d21d68,0.0,,,
0x6f721d0a8abdb5dbbdab3c05efa81371c0d21d68,in,1739288916912,2025-02-11T15:48:36.912Z,0xfb28aee02b0740e2cec8041d9239b2017400ad06c07a2e7f7c91002aa72ffc10,spotTransfer,USDC,0.5,0.5,0x52be86e343dbb35077bfd17a41c146ffa8156688,0x6f721d0a8abdb5dbbdab3c05efa81371c0d21d68,0.0,,,
0x6f721d0a8abdb5dbbdab3c05efa81371c0d21d68,in,1739294224591,2025-02-11T17:17:04.591Z,0x6dd81f65385a7fed2154041d9339230203c600712300be86a573693f33aaf5dd,spotTransfer,USDC,1000.0,1000.0,0xb0824a286c4eff207dac0ad5151cd93739892318,0x6f721d0a8abdb5dbbdab3c05efa81371c0d21d68,0.0,,,
0x6f721d0a8abdb5dbbdab3c05efa81371c0d21d68,in,1739294688394,2025-02-11T17:24:48.394Z,0x56924bc5331c21eddd4a041d934f7b018400a2027cb2aafae6d4d797d3a8a8e1,spotTransfer,USDC,0.022964,0.022964,0x25bf579a1797ea8b0c637dc71a85a6aeadfdc2b9,0x6f721d0a8abdb5dbbdab3c05efa81371c0d21d68,0.0,,,
0x6f721d0a8abdb5dbbdab3c05efa81371c0d21d68,in,1739294991772,2025-02-11T17:29:51.772Z,0x00509978ff56ee535863041d935d530196006b99ab07ecb4463bb55cedf30511,spotTransfer,USDC,94.0,94.0,0x25bf579a1797ea8b0c637dc71a85a6aeadfdc2b9,0x6f721d0a8abdb5dbbdab3c05efa81371c0d21d68,0.0,,,
0x6f721d0a8abdb5dbbdab3c05efa81371c0d21d68,in,1739295333169,2025-02-11T17:35:33.169Z,0x1d7ba2beade528f59601041d936dfe01ce0069b4c814503807c7a1110c691b93,spotTransfer,USDC,1.0,1.0,0x6f4077bfdc287be5431e93aa851bb1e2f58836a0,0x6f721d0a8abdb5dbbdab3c05efa81371c0d21d68,0.0,,,
0x6f721d0a8abdb5dbbdab3c05efa81371c0d21d68,in,1739295408344,2025-02-11T17:36:48.344Z,0x64f6ce2b3ab63ff64460041d9371c102014600b0de995e663e7913fe097c71af,spotTransfer,USDC,78.77,78.77,0x25bf579a1797ea8b0c637dc71a85a6aeadfdc2b9,0x6f721d0a8abdb5dbbdab3c05efa81371c0d21d68,0.0,,,
0x6f721d0a8abdb5dbbdab3c05efa81371c0d21d68,in,1739295464061,2025-02-11T17:37:44.061Z,0x56bec2b71d073db437fc041d93745902016600b2a3936d04cfc172b562ca776b,spotTransfer,USDC,21.93,21.93,0xe557094c260ad6a41a5a6ccabd024754e36092df,0x6f721d0a8abdb5dbbdab3c05efa81371c0d21d68,1.0,,,
0x6f721d0a8abdb5dbbdab3c05efa81371c0d21d68,in,1739295551338,2025-02-11T17:39:11.338Z,0xa1c39227c9aa831b15cf041d93789e015c00ed9f186308cc2f445a55c6d49d8d,spotTransfer,USDC,201.0,201.0,0x25bf579a1797ea8b0c637dc71a85a6aeadfdc2b9,0x6f721d0a8abdb5dbbdab3c05efa81371c0d21d68,0.0,,,
0x6f721d0a8abdb5dbbdab3c05efa81371c0d21d68,in,1739295625705,2025-02-11T17:40:25.705Z,0x49f485468278687b6a18041d937c04014800e6d0b3d4f0a3916294ac62402822,spotTransfer,USDC,2.0,2.0,0x6f4077bfdc287be5431e93aa851bb1e2f58836a0,0x6f721d0a8abdb5dbbdab3c05efa81371c0d21d68,0.0,,,
0x6f721d0a8abdb5dbbdab3c05efa81371c0d21d68,in,1739296235090,2025-02-11T17:50:35.090Z,0x07310d72a902c687d8b0041d93990a0202020017a3af88e0b621971a869e31fb,spotTransfer,USDC,5.0,5.0,0xe557094c260ad6a41a5a6ccabd024754e36092df,0x6f721d0a8abdb5dbbdab3c05efa81371c0d21d68,0.0,,,
0x6f721d0a8abdb5dbbdab3c05efa81371c0d21d68,out,1739299078605,2025-02-11T18:37:58.605Z,0xe104e2af49e70ac36f13041d9420be020124008b5f2c1e3ca95d31af62a6c3b7,spotTransfer,USDC,1413.222964,1413.222964,0x6f721d0a8abdb5dbbdab3c05efa81371c0d21d68,0xce7cd6fa640b613b887a08eecc12a4f4e29180ad,0.0,,,
0x6f721d0a8abdb5dbbdab3c05efa81371c0d21d68,deposit,1739966391663,2025-02-19T11:59:51.663Z,0xeefd47536f12302f63a0d828a965f4056301ecaa2ef0b7a7ca91e77860e3070a,deposit,USDC,5.0,5.0,,,,,,
0x6f721d0a8abdb5dbbdab3c05efa81371c0d21d68,out,1739966483790,2025-02-19T12:01:23.790Z,0x6d202a7a560259bb6bcf041e0ea41101e40081c2a6d13563342263220e6fef4a,spotTransfer,USDC,0.1,0.1,0x6f721d0a8abdb5dbbdab3c05efa81371c0d21d68,0xce7cd6fa640b613b887a08eecc12a4f4e29180ad,0.0,,,
0x6f721d0a8abdb5dbbdab3c05efa81371c0d21d68,deposit,1751613853620,2025-07-04T07:24:13.620Z,0xa4c2aa1999ccd5b65db78d77c66e210fd41d6760d1d327517908a310146ddb65,deposit,USDC,11.0,11.0,,,,,,
0x6f721d0a8abdb5dbbdab3c05efa81371c0d21d68,out,1754223994083,2025-08-03T12:26:34.083Z,0x7c516b26cc4423b61edf0428cad32901af00d7871d5cdb8f9fae814d99a27d7d,internalTransfer,USDC,10.09,10.09,0x6f721d0a8abdb5dbbdab3c05efa81371c0d21d68,0xc577e4259e743b1b57a5fad22be473e6ee605438,1.0,,,
0x6f721d0a8abdb5dbbdab3c05efa81371c0d21d68,in,1754229464511,2025-08-03T13:57:44.511Z,0x408180a9537e3f1391ee0428cbe6fe0109006bf79c29e68604066e81eeeab1ac,internalTransfer,USDC,8.63,8.63,0xc577e4259e743b1b57a5fad22be473e6ee605438,0x6f721d0a8abdb5dbbdab3c05efa81371c0d21d68,0.0,,,
0x6f721d0a8abdb5dbbdab3c05efa81371c0d21d68,out,1754382843278,2025-08-05T08:34:03.278Z,0x4b02679dc22abd8dacd80428ea01b6010d0003e3df5072bd026fc15370d243f3,internalTransfer,USDC,7.41,7.41,0x6f721d0a8abdb5dbbdab3c05efa81371c0d21d68,0xc577e4259e743b1b57a5fad22be473e6ee605438,0.0,,,
0x6f721d0a8abdb5dbbdab3c05efa81371c0d21d68,in,1754465928355,2025-08-06T07:38:48.355Z,0xb78f56a6d52f73170ffc0428fa1e65015400883c84d38e744e7e8c233edd5f30,internalTransfer,USDC,10.0,10.0,0xc35617cea8b46bb8637827162f60d1f1cb305b09,0x6f721d0a8abdb5dbbdab3c05efa81371c0d21d68,0.0,,,
0x6f721d0a8abdb5dbbdab3c05efa81371c0d21d68,in,1754649591892,2025-08-08T10:39:51.892Z,0xe8a4ab3013524596a49704291de5ff0182005d925cb7f6c5298ed2b10211d7ae,internalTransfer,USDC,10.0,10.0,0xc35617cea8b46bb8637827162f60d1f1cb305b09,0x6f721d0a8abdb5dbbdab3c05efa81371c0d21d68,0.0,,,
0x6f721d0a8abdb5dbbdab3c05efa81371c0d21d68,in,1755009045758,2025-08-12T14:30:45.758Z,0xf00563e7cba62ab623690429639b4901be00dbdaa73fa9e3a7c5450b2fc1dd01,internalTransfer,USDC,20.0,20.0,0xc35617cea8b46bb8637827162f60d1f1cb305b09,0x6f721d0a8abdb5dbbdab3c05efa81371c0d21d68,0.0,,,
0x6f721d0a8abdb5dbbdab3c05efa81371c0d21d68,in,1757077293687,2025-09-05T13:01:33.687Z,0xfef6ee9e3e471e750070042af19e7e0206660083d94a3d48a2bf99f0fd4af860,internalTransfer,USDC,20.0,20.0,0xc35617cea8b46bb8637827162f60d1f1cb305b09,0x6f721d0a8abdb5dbbdab3c05efa81371c0d21d68,0.0,,,
0x6f721d0a8abdb5dbbdab3c05efa81371c0d21d68,in,1758016304604,2025-09-16T09:51:44.604Z,0x0b1a62d5de2262db0c94042ba5e4440203b600bb792581adaee30e289d263cc5,internalTransfer,USDC,47.29,47.29,0xc35617cea8b46bb8637827162f60d1f1cb305b09,0x6f721d0a8abdb5dbbdab3c05efa81371c0d21d68,0.0,,,
0x6f721d0a8abdb5dbbdab3c05efa81371c0d21d68,out,1758102774015,2025-09-17T09:52:54.015Z,0x46f28e6e22adc409486c042bb68ab3020cd30053bda0e2dbeabb39c0e1a19df3,internalTransfer,USDC,2.0,2.0,0x6f721d0a8abdb5dbbdab3c05efa81371c0d21d68,0xe3f774aac9643d5e90faafb810c60081344e8d6c,1.0,,,
0x6f721d0a8abdb5dbbdab3c05efa81371c0d21d68,out,1758113291358,2025-09-17T12:48:11.358Z,0xbe29f63cbf0b4b70bfa3042bb8940802012000225a0e6a4261f2a18f7e0f255b,internalTransfer,USDC,12.0,12.0,0x6f721d0a8abdb5dbbdab3c05efa81371c0d21d68,0xe3f774aac9643d5e90faafb810c60081344e8d6c,0.0,,,
0x6f721d0a8abdb5dbbdab3c05efa81371c0d21d68,out,1758114414356,2025-09-17T13:06:54.356Z,0x4aec309dc9b4611c4c65042bb8cb0002032b008364b77feeeeb4dbf088b83b06,internalTransfer,USDC,11.0,11.0,0x6f721d0a8abdb5dbbdab3c05efa81371c0d21d68,0xc35617cea8b46bb8637827162f60d1f1cb305b09,0.0,,,
0x6f721d0a8abdb5dbbdab3c05efa81371c0d21d68,in,1758810614030,2025-09-25T14:30:14.030Z,0xc4584b10d5520812c5d2042c3e1b5701020062f6705526e46820f6639455e1fd,spotTransfer,HYPE,0.09,3.77163,0x2222222222222222222222222222222222222222,0x6f721d0a8abdb5dbbdab3c05efa81371c0d21d68,0.0,,,
0x6f721d0a8abdb5dbbdab3c05efa81371c0d21d68,deposit,1758812903197,2025-09-25T15:08:23.197Z,0x1c043470af0fe0919fd516398ef8e34bde7c13e0b5375ac30a4910fcf722e36c,deposit,USDC,25.446997,25.446997,,,,,,
0x6f721d0a8abdb5dbbdab3c05efa81371c0d21d68,withdraw,1759738814835,2025-10-06T08:20:14.835Z,0x96f9bce7c0878f85ad2047609a2596b681ada13be2197b47a83fe71f61f6116e,withdraw,USDC,10.0,10.0,,,1.0,1759738552404000,,
0x6f721d0a8abdb5dbbdab3c05efa81371c0d21d68,deposit,1759738915752,2025-10-06T08:21:55.752Z,0x930abea43c014ba4d9fc24f452420eb3972773659feca3748aea04b462780962,deposit,USDC,10.0,10.0,,,,,,
0x6f721d0a8abdb5dbbdab3c05efa81371c0d21d68,withdraw,1759740177030,2025-10-06T08:42:57.030Z,0x02ae7cdc74b8af96e00fab90362a4b2b401eb9da6c5660d1bfa20451021c1b12,withdraw,USDC,19.124648,19.124648,,,1.0,1759739919867000,,
0x6f721d0a8abdb5dbbdab3c05efa81371c0d21d68,deposit,1759740236933,2025-10-06T08:43:56.933Z,0x0b10b365ee6faf269c93c4a183fb404948aba692b29ccbbd603e267ddd530af5,deposit,USDC,19.124648,19.124648,,,,,,
0x6f721d0a8abdb5dbbdab3c05efa81371c0d21d68,withdraw,1759740629279,2025-10-06T08:50:29.279Z,0xa21ad2d5f363d1bafbda94827363ea6f35bdff11acf963f445ad36427b7fab4d,withdraw,USDC,11.12,11.12,,,1.0,1759740391731000,,
0x6f721d0a8abdb5dbbdab3c05efa81371c0d21d68,withdraw,1759740677763,2025-10-06T08:51:17.763Z,0x8228bce6e725603cad7a87f57cd7b7d726cf9265ddc666f230e7a2f3cffe4a9f,withdraw,USDC,5.0,5.0,,,1.0,1759740427509000,,
0x6f721d0a8abdb5dbbdab3c05efa81371c0d21d68,deposit,1759754702487,2025-10-06T12:45:02.487Z,0xa745d3b134247efe2e3173af2ae817c0790c9abcd901c2c2c48872008cbde098,deposit,USDC,16.12,16.12,,,,,,
0x6f721d0a8abdb5dbbdab3c05efa81371c0d21d68,withdraw,1759755894108,2025-10-06T13:04:54.108Z,0x84dad3f5d177c6d0bb3e79ba3fa890e336857f4f38b88cb5c70617d243933e83,withdraw,USDC,16.12,16.12,,,1.0,1759755648737000,,
0x6f721d0a8abdb5dbbdab3c05efa81371c0d21d68,out,1759939646238,2025-10-08T16:07:26.238Z,0x8f91def4696cb754910b042d164bb20214e400da046fd626335a8a472860913f,internalTransfer,USDC,13.0,13.0,0x6f721d0a8abdb5dbbdab3c05efa81371c0d21d68,0xb2882429b2431c9add805564d2aee3cb3e7f0dcf,1.0,,,
0x6f721d0a8abdb5dbbdab3c05efa81371c0d21d68,out,1760107979202,2025-10-10T14:52:59.202Z,0xa6aff4e7849d74eda829042d361bfe02039300cd1f9093bf4a78a03a43914ed8,internalTransfer,USDC,12.32,12.32,0x6f721d0a8abdb5dbbdab3c05efa81371c0d21d68,0x3049619183b893254b263361caf2fde8bc133d3e,1.0,,,
0x6f721d0a8abdb5dbbdab3c05efa81371c0d21d68,in,1760511502298,2025-10-15T06:58:22.298Z,0xc1f446e60ba1ed5ac36e042d82bded02044100cba6a50c2c65bcf238caa5c745,spotTransfer,USDC,56.00812178,56.008121,0x6f4077bfdc287be5431e93aa851bb1e2f58836a0,0x6f721d0a8abdb5dbbdab3c05efa81371c0d21d68,0.0,1760511484458,,
0x6f721d0a8abdb5dbbdab3c05efa81371c0d21d68,in,1760511740819,2025-10-15T07:02:20.819Z,0x9d19da2cf35778119e93042d82c92802020d00128e5a96e340e2857fb25b51fc,internalTransfer,USDC,12.01,12.01,0xc35617cea8b46bb8637827162f60d1f1cb305b09,0x6f721d0a8abdb5dbbdab3c05efa81371c0d21d68,0.0,,,
0x6f721d0a8abdb5dbbdab3c05efa81371c0d21d68,in,1760718102447,2025-10-17T16:21:42.447Z,0xe9dc703ece81e46deb56042da9c133020fc100246985033f8da51b918d85be58,internalTransfer,USDC,16.03891,16.03891,0xf70da97812cb96acdf810712aa562db8dfa3dbef,0x6f721d0a8abdb5dbbdab3c05efa81371c0d21d68,0.0,,,
0x6f721d0a8abdb5dbbdab3c05efa81371c0d21d68,in,1761817202471,2025-10-30T09:40:02.471Z,0x2441704cd98622b725bb042e7d244f020365003274894189c80a1b9f9889fca1,send,USDC,76.29,76.29,0x6f721d0a8abdb5dbbdab3c05efa81371c0d21d68,0x6f721d0a8abdb5dbbdab3c05efa81371c0d21d68,0.0,1761817196215,,spot
0x6f721d0a8abdb5dbbdab3c05efa81371c0d21d68,in,1761832391856,2025-10-30T13:53:11.856Z,0x58eaf817003e22615a64042e800c750206ca00fc9b314133fcb3a369bf31fc4b,send,USDC,74.42,74.42,0x6f721d0a8abdb5dbbdab3c05efa81371c0d21d68,0x6f721d0a8abdb5dbbdab3c05efa81371c0d21d68,0.0,1761832386673,spot,
0x6f721d0a8abdb5dbbdab3c05efa81371c0d21d68,in,1762412537128,2025-11-06T07:02:17.128Z,0x5cb6671ab95c7a095e30042ef028690207680000545f98db007f126d785053f4,send,USDC,47.22,47.22,0x6f721d0a8abdb5dbbdab3c05efa81371c0d21d68,0x6f721d0a8abdb5dbbdab3c05efa81371c0d21d68,0.0,1762412523996,,spot
0x6f721d0a8abdb5dbbdab3c05efa81371c0d21d68,out,1762765956752,2025-11-10T09:12:36.752Z,0x9c4728b8da2eed9a9dc0042f33a86d0204e9009e75220c6c400fd40b9922c785,internalTransfer,USDC,48.04,48.04,0x6f721d0a8abdb5dbbdab3c05efa81371c0d21d68,0xcdda720619903cfd38169fe13e32ba421c8616f1,1.0,,,